<?xml version="1.0" encoding="UTF-8"?>
<dataroot xmlns:od="urn:schemas-microsoft-com:officedata" generated="2019-04-18T18:13:24">
<tblTutor>
<TutorID>1001</TutorID>
<FirstName>Tom</FirstName>
<LastName>Johnson</LastName>
<Major>Computer Science</Major>
<YearInSchool>Senior</YearInSchool>
<School>Hogan University</School>
<HireDate>2017-02-05T00:00:00</HireDate>
<Groups>0</Groups>
</tblTutor>
<tblTutor>
<TutorID>1003</TutorID>
<FirstName>Carey</FirstName>
<LastName>Billings</LastName>
<Major>Information Systems</Major>
<YearInSchool>Junior</YearInSchool>
<School>Eikenville College</School>
<HireDate>2017-03-01T00:00:00</HireDate>
<Groups>1</Groups>
</tblTutor>
<tblTutor>
<TutorID>1005</TutorID>
<FirstName>Bob</FirstName>
<LastName>Smith</LastName>
<Major>Computer Science</Major>
<YearInSchool>Graduate</YearInSchool>
<School>Hogan University</School>
<HireDate>2017-04-18T00:00:00</HireDate>
<Groups>0</Groups>
</tblTutor>
<tblTutor>
<TutorID>1008</TutorID>
<FirstName>Sally</FirstName>
<LastName>Gilbert</LastName>
<Major>Information Systems</Major>
<YearInSchool>Senior</YearInSchool>
<School>Ellings College</School>
<HireDate>2017-01-15T00:00:00</HireDate>
<Groups>0</Groups>
</tblTutor>
<tblTutor>
<TutorID>1010</TutorID>
<FirstName>Cathy</FirstName>
<LastName>Cowler</LastName>
<Major>Computer Engineering</Major>
<YearInSchool>Graduate</YearInSchool>
<School>Eikenville College</School>
<HireDate>2017-02-01T00:00:00</HireDate>
<Groups>0</Groups>
</tblTutor>
<tblTutor>
<TutorID>1013</TutorID>
<FirstName>Aaron</FirstName>
<LastName>Black</LastName>
<Major>Computer Science</Major>
<YearInSchool>Junior</YearInSchool>
<School>Smith Technical College</School>
<HireDate>2017-05-14T00:00:00</HireDate>
<Groups>0</Groups>
</tblTutor>
<tblTutor>
<TutorID>1015</TutorID>
<FirstName>Douglas</FirstName>
<LastName>Arrendale</LastName>
<Major>Computer Engineering</Major>
<YearInSchool>Senior</YearInSchool>
<School>Ellings College</School>
<HireDate>2017-03-27T00:00:00</HireDate>
<Groups>0</Groups>
</tblTutor>
<tblTutor>
<TutorID>1018</TutorID>
<FirstName>Fredrik</FirstName>
<LastName>Karlsson</LastName>
<Major>Mechatronics</Major>
<YearInSchool>Junior</YearInSchool>
<School>Smith Technical College</School>
<HireDate>2017-02-06T00:00:00</HireDate>
<Groups>1</Groups>
</tblTutor>
<tblTutor>
<TutorID>1020</TutorID>
<FirstName>Ian</FirstName>
<LastName>Rodriguez</LastName>
<Major>Computer Science</Major>
<YearInSchool>Senior</YearInSchool>
<School>Potswan College</School>
<HireDate>2017-01-17T00:00:00</HireDate>
<Groups>0</Groups>
</tblTutor>
<tblTutor>
<TutorID>1023</TutorID>
<FirstName>Jake</FirstName>
<LastName>Ballard</LastName>
<Major>Mechatronics</Major>
<YearInSchool>Senior</YearInSchool>
<School>Smith Technical College</School>
<HireDate>2017-04-02T00:00:00</HireDate>
<Groups>0</Groups>
</tblTutor>
<tblTutor>
<TutorID>1025</TutorID>
<FirstName>Larry</FirstName>
<LastName>Smith</LastName>
<Major>Computer Science</Major>
<YearInSchool>Graduate</YearInSchool>
<School>Hogan University</School>
<HireDate>2017-05-21T00:00:00</HireDate>
<Groups>0</Groups>
</tblTutor>
<tblTutor>
<TutorID>1028</TutorID>
<FirstName>Mike</FirstName>
<LastName>Johnson</LastName>
<Major>Mechatronics</Major>
<YearInSchool>Senior</YearInSchool>
<School>Smith Technical College</School>
<HireDate>2017-01-08T00:00:00</HireDate>
<Groups>0</Groups>
</tblTutor>
<tblTutor>
<TutorID>1031</TutorID>
<FirstName>Nichole</FirstName>
<LastName>Schneider</LastName>
<Major>Computer Science</Major>
<YearInSchool>Junior</YearInSchool>
<School>Switzer University</School>
<HireDate>2017-02-28T00:00:00</HireDate>
<Groups>0</Groups>
</tblTutor>
<tblTutor>
<TutorID>1033</TutorID>
<FirstName>Barbara</FirstName>
<LastName>Alzo</LastName>
<Major>Information Systems</Major>
<YearInSchool>Senior</YearInSchool>
<School>Hogan University</School>
<HireDate>2017-03-12T00:00:00</HireDate>
<Groups>0</Groups>
</tblTutor>
<tblTutor>
<TutorID>1036</TutorID>
<FirstName>Ellen</FirstName>
<LastName>Desoto</LastName>
<Major>Computer Science</Major>
<YearInSchool>Graduate</YearInSchool>
<School>Hogan University</School>
<HireDate>2017-04-16T00:00:00</HireDate>
<Groups>1</Groups>
</tblTutor>
<tblTutor>
<TutorID>1039</TutorID>
<FirstName>Gail</FirstName>
<LastName>Fordham</LastName>
<Major>Information Systems</Major>
<YearInSchool>Senior</YearInSchool>
<School>Switzer University</School>
<HireDate>2017-02-22T00:00:00</HireDate>
<Groups>0</Groups>
</tblTutor>
<tblTutor>
<TutorID>1042</TutorID>
<FirstName>Henry</FirstName>
<LastName>Justice</LastName>
<Major>Computer Science</Major>
<YearInSchool>Graduate</YearInSchool>
<School>Smith Technical College</School>
<HireDate>2017-04-20T00:00:00</HireDate>
<Groups>0</Groups>
</tblTutor>
<tblTutor>
<TutorID>1045</TutorID>
<FirstName>Kelly</FirstName>
<LastName>Rudd</LastName>
<Major>Computer Science</Major>
<YearInSchool>Graduate</YearInSchool>
<School>Potswan College</School>
<HireDate>2017-02-27T00:00:00</HireDate>
<Groups>0</Groups>
</tblTutor>
<tblTutor>
<TutorID>1048</TutorID>
<FirstName>Angie</FirstName>
<LastName>Hinson</LastName>
<Major>Computer Science</Major>
<YearInSchool>Graduate</YearInSchool>
<School>Franklin University</School>
<HireDate>2017-05-10T00:00:00</HireDate>
<Groups>0</Groups>
</tblTutor>
<tblTutor>
<TutorID>1051</TutorID>
<FirstName>Donald</FirstName>
<LastName>Gallager</LastName>
<Major>Computer Science</Major>
<YearInSchool>Graduate</YearInSchool>
<School>Hogan University</School>
<HireDate>2017-01-18T00:00:00</HireDate>
<Groups>1</Groups>
</tblTutor>
<tblTutor>
<TutorID>1060</TutorID>
<FirstName>Student First</FirstName>
<LastName>Student Last</LastName>
<Major>Computer Science</Major>
<YearInSchool>Senior</YearInSchool>
<School>Ellings College</School>
<HireDate>2017-02-14T00:00:00</HireDate>
<Groups>0</Groups>
</tblTutor>
</dataroot>
